{
  "epoch": [
    1.0,
    2.0,
    3.0,
    4.0,
    5.0,
    6.0,
    7.0,
    8.0,
    9.0,
    10.0,
    11.0,
    12.0,
    13.0,
    14.0,
    15.0,
    16.0,
    17.0,
    18.0,
    19.0,
    20.0,
    21.0,
    22.0,
    23.0,
    24.0,
    25.0,
    26.0,
    27.0,
    28.0,
    29.0,
    30.0,
    31.0,
    32.0,
    33.0,
    34.0,
    35.0,
    36.0,
    37.0,
    38.0,
    39.0,
    40.0,
    41.0,
    42.0,
    43.0,
    44.0,
    45.0,
    46.0,
    47.0,
    48.0,
    49.0,
    50.0
  ],
  "train_loss": [
    1.625444845165438,
    1.2193687163350526,
    1.08883176526755,
    0.9963458710924133,
    0.9226456497941176,
    0.654301442910948,
    0.6966236055354633,
    0.6449376073334833,
    0.600556606450654,
    0.560487184454413,
    0.5298684732535915,
    0.4959196725769726,
    0.4644840462585849,
    0.43856221307878906,
    0.41692114478486886,
    0.3957213562010499,
    0.37860562589467334,
    0.3591165709526033,
    0.3461688256934476,
    0.33537756863152585,
    0.3253372193449903,
    0.3097662670380624,
    0.2948402850829122,
    0.2879672660242261,
    0.27553610751391067,
    0.2635504819471818,
    0.25967796474618987,
    0.25229028842943096,
    0.24377038686171823,
    0.2388003840089759,
    0.23368718804758223,
    0.22704858170903247,
    0.22160591852024694,
    0.2172878130012766,
    0.21358246960298485,
    0.2109110301260448,
    0.20782315262290826,
    0.20597691933059936,
    0.20377189793702585,
    0.20182574870031508,
    0.19993363858183935,
    0.19858574188883651,
    0.1979331141695037,
    0.1969095022629594,
    0.19637874409060954,
    0.19564453015089645,
    0.1959399299319748,
    0.19530619951465245,
    0.19493007191154352,
    0.19504578400146017
  ],
  "val_acc": [
    50.56,
    54.58,
    56.06,
    57.58,
    57.46,
    58.13,
    58.39,
    59.32,
    59.14,
    58.85,
    58.61,
    58.91,
    59.37,
    59.41,
    59.61,
    59.04,
    59.97,
    59.17,
    59.79,
    59.39,
    59.44,
    59.84,
    59.77,
    60.38,
    60.54,
    60.72,
    60.17,
    61.07,
    60.91,
    61.45,
    61.04,
    61.43,
    61.5,
    61.75,
    61.78,
    61.78,
    61.9,
    62.2,
    62.55,
    62.67,
    62.55,
    62.61,
    62.73,
    62.69,
    62.57,
    62.8,
    62.95,
    63.03,
    63.1,
    63.2
  ],
  "mean_lambda": [
    0.5,
    0.5,
    0.5,
    0.5,
    0.5,
    0.41154915284927546,
    0.46905552090891184,
    0.4625118368726862,
    0.45500117822376357,
    0.4493586716749479,
    0.44314728086561805,
    0.43761779059229605,
    0.4325701311573653,
    0.4287513569187935,
    0.42380203432439234,
    0.42030311789354097,
    0.4165711985219775,
    0.4133589386635119,
    0.4095772777676887,
    0.40660693090590067,
    0.4037499179315689,
    0.4026533899557255,
    0.40065184517589675,
    0.3986762040258978,
    0.39798228415991643,
    0.3975650005785705,
    0.39577892636094253,
    0.39487250290258463,
    0.39466985023539997,
    0.3938765143951797,
    0.3934594780740226,
    0.3940683077363407,
    0.3944038757125435,
    0.3937553394481044,
    0.39456810548787224,
    0.3936067581024316,
    0.39435941727874835,
    0.3942404865761242,
    0.3946234921512701,
    0.3956292954552204,
    0.39497089713735656,
    0.396686550296481,
    0.3960282047233923,
    0.3972370066606175,
    0.3971924441092459,
    0.39795511656100185,
    0.3976945969302331,
    0.3988241666113324,
    0.3978430169927495,
    0.3985479208819397
  ],
  "mean_ce": [
    1.4239739691814803,
    1.0140057898238493,
    0.8833256738874918,
    0.7905640097530297,
    0.7175013950413756,
    0.5152306420266476,
    0.5481372770598477,
    0.49659546378933256,
    0.4522585984691025,
    0.412830862700177,
    0.382002593763649,
    0.3502390021863191,
    0.3206716613543918,
    0.2968446916860083,
    0.27717468813252266,
    0.25782746107072174,
    0.24210012260147984,
    0.22413052919575627,
    0.21263524969977796,
    0.20317919095001563,
    0.19467865052582967,
    0.1796925835825903,
    0.16573641085258836,
    0.15974415141298337,
    0.14803549119502382,
    0.13666365617681342,
    0.1336249247421999,
    0.12671373919833956,
    0.11846583902530963,
    0.11404182041621269,
    0.10920465358382905,
    0.10226383599478875,
    0.09685004815040037,
    0.09253206338419025,
    0.08872690204235599,
    0.08614061159246109,
    0.08276895342199393,
    0.0809163257212895,
    0.0783901619522468,
    0.07620011687354969,
    0.0740230064029279,
    0.07243118379884364,
    0.07173458341975956,
    0.07029423885561926,
    0.06952829491299437,
    0.06870050462501129,
    0.0692050649648737,
    0.06807626897226209,
    0.06809789067148553,
    0.06761889981911005
  ],
  "mean_kd": [
    0.2014708824722511,
    0.20351324342858151,
    0.20199838132047288,
    0.2007676282959521,
    0.19879868939099715,
    0.127371568061278,
    0.13743406080681345,
    0.1358869151805368,
    0.13420056786073747,
    0.1322730708762508,
    0.1307652706227949,
    0.12895968604042096,
    0.12730922180292248,
    0.12562260896805913,
    0.12344569453726643,
    0.12198785370420617,
    0.12059192631936744,
    0.11918064454556121,
    0.11777794582154745,
    0.11637958095354192,
    0.11486139621042535,
    0.11456948072861528,
    0.11387460774091808,
    0.11286062914925768,
    0.11262165863648095,
    0.11238357542878222,
    0.11135076552324588,
    0.11105708013791257,
    0.111184981301465,
    0.11076672626730731,
    0.11058530733560967,
    0.11131152767888115,
    0.11155741993347397,
    0.11174548148651563,
    0.1121442036136337,
    0.11221893409938763,
    0.11266736055502806,
    0.11276185421077796,
    0.1133017623820878,
    0.1137915265643993,
    0.11422821406818107,
    0.11471433952793746,
    0.11481609344101318,
    0.11544263058001428,
    0.11572613856752816,
    0.11611872524632823,
    0.11572613509948296,
    0.11642755869099551,
    0.11596519332331465,
    0.11667476501077642
  ]
}