{
  "epoch": [
    1.0,
    2.0,
    3.0,
    4.0,
    5.0,
    6.0,
    7.0,
    8.0,
    9.0,
    10.0,
    11.0,
    12.0,
    13.0,
    14.0,
    15.0,
    16.0,
    17.0,
    18.0,
    19.0,
    20.0,
    21.0,
    22.0,
    23.0,
    24.0,
    25.0,
    26.0,
    27.0,
    28.0,
    29.0,
    30.0,
    31.0,
    32.0,
    33.0,
    34.0,
    35.0,
    36.0,
    37.0,
    38.0,
    39.0,
    40.0,
    41.0,
    42.0,
    43.0,
    44.0,
    45.0,
    46.0,
    47.0,
    48.0,
    49.0,
    50.0
  ],
  "train_loss": [
    2.4519629654693604,
    2.0124303927230835,
    1.8619321981811523,
    1.7675331978988646,
    1.6891194150543214,
    1.352252304878235,
    1.0830758165931702,
    0.8734186113739014,
    0.7191387149047852,
    0.6138207907104493,
    0.5526219172000885,
    0.5311368183040619,
    0.5131551407337188,
    0.5036778130149842,
    0.49173480553627014,
    0.48099581281661985,
    0.47471553961753843,
    0.46666517216682435,
    0.4620088589477539,
    0.45516741413116457,
    0.44574812043190004,
    0.43879469621658324,
    0.43203972571372984,
    0.4241111294460297,
    0.4186208253860474,
    0.410131802444458,
    0.40090206901073455,
    0.39344018268108366,
    0.3852667384195328,
    0.3759031768703461,
    0.37009056213378905,
    0.3612634103393555,
    0.35320936051845553,
    0.34649878401756284,
    0.34070423735618593,
    0.3330783517789841,
    0.32812193074703216,
    0.32345469696998597,
    0.31752819125652315,
    0.31318517837047577,
    0.3107059073829651,
    0.3047205805873871,
    0.3038984278821945,
    0.3024892416906357,
    0.2985686231136322,
    0.2972741833925247,
    0.29713770127773287,
    0.29656737874507905,
    0.2947912266778946,
    0.2963382306098938
  ],
  "val_acc": [
    40.58,
    44.45,
    47.98,
    49.69,
    50.7,
    52.11,
    51.86,
    51.67,
    52.45,
    50.72,
    49.12,
    50.64,
    50.52,
    51.88,
    52.26,
    52.34,
    51.81,
    52.91,
    53.32,
    54.26,
    54.54,
    54.88,
    54.72,
    55.72,
    55.8,
    55.86,
    56.38,
    56.54,
    56.67,
    57.61,
    57.46,
    57.77,
    58.1,
    58.24,
    57.76,
    58.55,
    58.29,
    58.47,
    58.03,
    58.67,
    58.87,
    58.87,
    58.92,
    59.12,
    59.26,
    59.07,
    59.23,
    59.23,
    58.9,
    58.75
  ],
  "mean_lambda": [
    0.699999988079071,
    0.699999988079071,
    0.699999988079071,
    0.699999988079071,
    0.699999988079071,
    0.48883002197265624,
    0.4034838510990143,
    0.329446316614151,
    0.27304219382762906,
    0.23414935768604278,
    0.2145953341126442,
    0.21036377992868424,
    0.2065702423787117,
    0.2024986089706421,
    0.2019119048333168,
    0.20404641649961472,
    0.21045528977394104,
    0.22002084972381591,
    0.23140353796243668,
    0.24466270891904832,
    0.26030588658332826,
    0.27828101365089414,
    0.29787966057777404,
    0.3181412135887146,
    0.337148676571846,
    0.3550146944522858,
    0.37340817494869233,
    0.39158370745182036,
    0.410370548453331,
    0.4262053130722046,
    0.44187930746555326,
    0.45583195063591003,
    0.4670174505996704,
    0.4780582112407684,
    0.4874710894203186,
    0.49557408276557924,
    0.5039877659130096,
    0.5109815709781647,
    0.5169593006515503,
    0.5226255967521668,
    0.5277905637836456,
    0.5317202056789399,
    0.5350460164165497,
    0.5377864679050446,
    0.5402449980163574,
    0.5429923626708985,
    0.542999762544632,
    0.5439001899528504,
    0.5447970257759094,
    0.5443485743236541
  ],
  "mean_ce": [
    2.2516627992248535,
    1.791875079536438,
    1.6322621701049804,
    1.5299450285148621,
    1.4421563443374634,
    1.002693610687256,
    0.7914763432693481,
    0.6287168905448913,
    0.49731750279426573,
    0.39987719445228576,
    0.3360327565431595,
    0.31434493964195254,
    0.29685100864887237,
    0.28622021392822267,
    0.27329464664936065,
    0.2638958439731598,
    0.25859221855640413,
    0.2522659954547882,
    0.24942997473955156,
    0.24557877806186676,
    0.23916109950065612,
    0.23493872642040253,
    0.23285536188840866,
    0.2289980037999153,
    0.22844879613637925,
    0.22349245200872422,
    0.21732916457891463,
    0.21404904089689256,
    0.21023056901216508,
    0.20409918662786483,
    0.2015540941476822,
    0.1952313345980644,
    0.1900664136648178,
    0.1852344244801998,
    0.1805722231864929,
    0.17496575296759606,
    0.17154316086053847,
    0.16740752563118935,
    0.16304221960425377,
    0.15947880939126013,
    0.15829055907845496,
    0.15261502895832063,
    0.15199350996017455,
    0.1508176936507225,
    0.14669637260079385,
    0.1461148274099827,
    0.1460213369381428,
    0.14563808723926544,
    0.14401447505116463,
    0.14509469364762306
  ],
  "mean_kd": [
    0.2003001619040966,
    0.2113411801815033,
    0.21137940030574798,
    0.21049168687343597,
    0.21141874287128448,
    0.30457688911914826,
    0.23453321708202363,
    0.1701365013051033,
    0.1262699304676056,
    0.09688408169150352,
    0.08776631681442261,
    0.09435671423316001,
    0.10144214797496795,
    0.1051679935503006,
    0.11027060242414474,
    0.11326208070993424,
    0.1151081149816513,
    0.11658021587610244,
    0.11632175926446915,
    0.11619208027601242,
    0.11698347396135331,
    0.11719094107866287,
    0.11518403329610824,
    0.11399813991069793,
    0.1111387181353569,
    0.11091757149934768,
    0.11029477872371674,
    0.10891881347894669,
    0.10732792866706849,
    0.1065771860074997,
    0.10516297826051713,
    0.10491347623109817,
    0.10353633209228516,
    0.10353529297828674,
    0.10462620404720306,
    0.10423565229415893,
    0.10463440272808075,
    0.10537235440015792,
    0.105118088991642,
    0.10542748497962952,
    0.10531556489467621,
    0.10642441608428956,
    0.10633806607961654,
    0.10635711226701737,
    0.1078755260181427,
    0.10745456512928009,
    0.10699437303066253,
    0.1068986917591095,
    0.10773792636394501,
    0.10778582743167878
  ]
}