{
  "train_loss": [
    3.729193402141995,
    2.7635742459191217,
    2.2037121050728694,
    1.850520668411255,
    1.577133005566067,
    1.338872298834059,
    1.1109793542438082,
    0.9050788150654899,
    0.7203967942900128,
    0.5582167104350196,
    0.4421963245259391,
    0.3720182072175874,
    0.3042500355021821,
    0.25829481845812663,
    0.2266020461731487,
    0.2007801367358201
  ],
  "train_acc": [
    12.462222222222222,
    28.915555555555557,
    40.593333333333334,
    48.89333333333333,
    55.166666666666664,
    61.135555555555555,
    66.91333333333333,
    72.32444444444444,
    77.42222222222222,
    82.22222222222223,
    85.82666666666667,
    87.90666666666667,
    90.15555555555555,
    91.6,
    92.65333333333334,
    93.55111111111111
  ],
  "val_loss": [
    3.0122363868713378,
    2.3194487495422362,
    2.03703626871109,
    1.7881358669281007,
    1.681281907081604,
    1.6284154096603394,
    1.6460490260124208,
    1.6422174132347107,
    1.7593858109474183,
    1.8314160812377929,
    1.9854285678863526,
    2.042437613582611,
    2.115424637413025,
    2.185562953186035,
    2.273716220474243,
    2.360992843389511
  ],
  "val_acc": [
    23.16,
    37.44,
    44.98,
    50.36,
    53.08,
    55.68,
    55.8,
    57.26,
    56.12,
    56.54,
    56.68,
    55.46,
    56.86,
    55.98,
    56.48,
    54.96
  ],
  "learning_rate": [
    0.001,
    0.0009990133642141358,
    0.000996057350657239,
    0.0009911436253643444,
    0.0009842915805643156,
    0.0009755282581475769,
    0.0009648882429441258,
    0.0009524135262330099,
    0.0009381533400219318,
    0.0009221639627510075,
    0.0009045084971874736,
    0.0008852566213878945,
    0.0008644843137107056,
    0.0008422735529643443,
    0.0008187119948743448,
    0.0007938926261462366
  ]
}