{
  "train_loss": [
    2.622608715133667,
    1.6793676015472412,
    1.3724802792739867,
    1.1572931645965576,
    0.9772493388366699,
    0.8238719261932373,
    0.6940582864761352,
    0.5770722924995423,
    0.49113650302886963,
    0.42745422552108764,
    0.3657414014625549,
    0.3182975186920166
  ],
  "train_acc": [
    40.209,
    57.464,
    63.717,
    69.005,
    72.996,
    76.572,
    79.83,
    82.771,
    85.217,
    86.986,
    88.872,
    90.214
  ],
  "val_loss": [
    2.005661384010315,
    1.850111633682251,
    1.8811273832321167,
    1.910411302947998,
    1.9452398191452027,
    2.0358732580184937,
    2.0600973697662353,
    2.1637960250854493,
    2.2309237117767333,
    2.2923123208999634,
    2.3784727615356447,
    2.4402869848251343
  ],
  "val_acc": [
    51.03,
    54.37,
    54.59,
    55.45,
    55.67,
    55.44,
    55.98,
    55.72,
    55.84,
    55.58,
    55.44,
    55.45
  ],
  "learning_rate": [
    0.001,
    0.0009990133642141358,
    0.000996057350657239,
    0.0009911436253643444,
    0.0009842915805643156,
    0.0009755282581475769,
    0.0009648882429441258,
    0.0009524135262330099,
    0.0009381533400219318,
    0.0009221639627510075,
    0.0009045084971874736,
    0.0008852566213878945
  ]
}