{
  "train_loss": [
    21.946374918823242,
    18.843144919433595,
    16.980817897033692,
    15.51777900909424,
    14.514757968139648,
    13.649790480651856,
    12.855912623138428,
    12.160093270111084,
    11.590404202423096,
    10.977177528381347,
    10.49933062210083
  ],
  "train_acc": [
    4.957,
    11.424,
    16.634,
    20.945,
    24.419,
    27.143,
    29.952,
    32.332,
    34.314,
    36.617,
    38.565
  ],
  "val_loss": [
    10.852340440368652,
    12.291393783569337,
    14.041354034423827,
    14.58660364074707,
    15.528129446411134,
    16.375735998535156,
    16.1998214553833,
    15.913764726257325,
    16.52190288696289,
    16.989019313049315,
    17.47425385437012
  ],
  "val_acc": [
    0.45,
    0.31,
    0.31,
    0.44,
    0.38,
    0.44,
    0.43,
    0.32,
    0.38,
    0.45,
    0.39
  ],
  "soft_loss": [
    29.068669078979493,
    24.777351716918947,
    22.200110993041992,
    20.187655620422362,
    18.81701005126953,
    17.63813401245117,
    16.568218359375,
    15.634661136474609,
    14.873001420593262,
    14.062464345092774,
    13.438820686645508
  ],
  "hard_loss": [
    5.327689415283203,
    4.996663210830689,
    4.802467945327759,
    4.621400756683349,
    4.476170208435058,
    4.343656027908326,
    4.193866370887756,
    4.052768635482788,
    3.9310111022949217,
    3.778175340499878,
    3.6405208333587646
  ],
  "learning_rate": [
    0.001,
    0.0009990133642141358,
    0.000996057350657239,
    0.0009911436253643444,
    0.0009842915805643156,
    0.0009755282581475769,
    0.0009648882429441258,
    0.0009524135262330099,
    0.0009381533400219318,
    0.0009221639627510075,
    0.0009045084971874736
  ]
}