{
  "train_loss": [
    1.437523261388143,
    1.261455485343933,
    1.1167205916510687,
    1.0104492354710897,
    0.9277147100660535,
    0.8584500825670031,
    0.7942994240230984,
    0.7399592422697279,
    0.6890247866312663,
    0.6447753894382053,
    0.6079019477844239,
    0.579690249549018,
    0.5551941595077514,
    0.5347492816607158,
    0.5187388393084208,
    0.5046918494648404,
    0.49369527870814006,
    0.4836857731713189,
    0.4742930307282342,
    0.4651374316427443,
    0.4585866555213928,
    0.4516927281591627
  ],
  "train_acc": [
    10.724444444444444,
    27.002222222222223,
    40.693333333333335,
    50.68888888888889,
    58.01111111111111,
    64.62222222222222,
    70.42,
    75.42,
    80.47111111111111,
    84.51333333333334,
    88.20444444444445,
    90.49333333333334,
    92.58888888888889,
    94.09777777777778,
    95.25333333333333,
    96.07555555555555,
    96.71333333333334,
    97.27333333333333,
    97.64888888888889,
    98.00444444444445,
    98.33555555555556,
    98.54444444444445
  ],
  "val_loss": [
    3.5996506958007815,
    2.833518265914917,
    2.371145655441284,
    2.1402113370895384,
    1.999679141998291,
    1.9179742042541503,
    1.8500351866722107,
    1.8079309351921082,
    1.833179825401306,
    1.815839597606659,
    1.8285613780975343,
    1.8060086246490479,
    1.8351648589134217,
    1.8866297006607056,
    1.8530196409225463,
    1.8880037855148315,
    1.8750495756149292,
    1.8944820466041565,
    1.905444056415558,
    1.889973952102661,
    1.8780892928123474,
    1.91442051115036
  ],
  "val_acc": [
    20.78,
    36.66,
    48.18,
    53.28,
    56.4,
    59.08,
    60.5,
    61.06,
    60.52,
    62.02,
    62.02,
    62.5,
    62.54,
    61.42,
    62.32,
    61.78,
    62.6,
    62.3,
    62.0,
    62.98,
    62.38,
    62.88
  ],
  "soft_loss": [
    0.3011730271657308,
    0.36832665378252666,
    0.4069041334682041,
    0.42504066186481054,
    0.434833383263482,
    0.4409759030871921,
    0.4462390645768907,
    0.4507342984835307,
    0.45475515002144706,
    0.45673847964604697,
    0.45735042193200853,
    0.45678560953140257,
    0.4554315506882138,
    0.45399919171863135,
    0.4521299849934048,
    0.4497383857727051,
    0.4474858028729757,
    0.4452482867028978,
    0.4429191677623325,
    0.44112493216196696,
    0.4387941880332099,
    0.43683748088412816
  ],
  "hard_loss": [
    4.089006990559896,
    3.3454226352267793,
    2.7729588977389867,
    2.3764025013393826,
    2.0777710733837553,
    1.8325564448250664,
    1.6064402166578504,
    1.4148174043019612,
    1.2356539078288609,
    1.083528153737386,
    0.9591888216230604,
    0.8664677232848274,
    0.7879735661718581,
    0.7231661435763042,
    0.6741594902091557,
    0.6329165884759691,
    0.6015173820283678,
    0.5733732356442346,
    0.5474987078878615,
    0.5211665928151873,
    0.5047690775606367,
    0.48635496876504686
  ],
  "learning_rate": [
    0.001,
    0.0009990133642141358,
    0.000996057350657239,
    0.0009911436253643444,
    0.0009842915805643156,
    0.0009755282581475769,
    0.0009648882429441258,
    0.0009524135262330099,
    0.0009381533400219318,
    0.0009221639627510075,
    0.0009045084971874736,
    0.0008852566213878945,
    0.0008644843137107056,
    0.0008422735529643443,
    0.0008187119948743448,
    0.0007938926261462366,
    0.0007679133974894982,
    0.0007408768370508576,
    0.0007128896457825362,
    0.0006840622763423389,
    0.0006545084971874735,
    0.0006243449435824271
  ]
}