{
  "train_loss": [
    12.218391975250244,
    8.714951764526367,
    7.690216127166748,
    7.034007791595459,
    6.542842590713501,
    6.143128940429688,
    5.80836579284668,
    5.526456760025025,
    5.2671188732910155,
    5.031344751968383,
    4.83345834526062,
    4.632657599792481,
    4.478709173812867,
    4.298257508239746,
    4.152543280487061,
    3.99912364112854,
    3.8804908408355714,
    3.745271498565674,
    3.61699014541626,
    3.494642027282715,
    3.3976255011749266,
    3.264876820526123,
    3.1760285026168824,
    3.0840612170028687,
    2.989954910736084,
    2.8965463732528685,
    2.810520537261963,
    2.7310470752716065,
    2.6321108885574342,
    2.579503327293396,
    2.510925673751831,
    2.4467615268707275,
    2.385682286529541,
    2.324324371147156,
    2.265116330871582,
    2.218348438606262,
    2.180698351020813,
    2.139102124633789,
    2.107008323135376,
    2.0606443458938597,
    2.0352128565979,
    2.011374706840515,
    1.9858955882644653,
    1.9677587210845948,
    1.956529404563904,
    1.9377314651870727,
    1.9243905307388305,
    1.9252539678573608,
    1.921066395225525,
    1.9109716745376586
  ],
  "train_acc": [
    32.787,
    45.762,
    50.147,
    53.249,
    55.627,
    57.887,
    59.535,
    61.128,
    62.839,
    64.291,
    65.392,
    66.655,
    67.729,
    68.956,
    70.093,
    71.144,
    72.147,
    73.035,
    74.017,
    75.139,
    75.896,
    76.885,
    77.795,
    78.551,
    79.387,
    80.215,
    81.025,
    81.938,
    82.658,
    83.242,
    83.729,
    84.529,
    85.223,
    85.577,
    86.174,
    86.845,
    87.194,
    87.607,
    87.779,
    88.39,
    88.581,
    88.923,
    89.165,
    89.316,
    89.398,
    89.708,
    89.698,
    89.691,
    89.772,
    89.873
  ],
  "val_loss": [
    3.5861142639160155,
    3.477299440765381,
    3.1577631912231445,
    3.092567833518982,
    3.08422435798645,
    2.955363254356384,
    2.889161033630371,
    2.968690412902832,
    2.812156158065796,
    2.845215506362915,
    2.736708253288269,
    2.802028085708618,
    2.7861463691711426,
    2.7710974225997926,
    2.691782511329651,
    2.690309889984131,
    2.6483884664535524,
    2.6262488721847532,
    2.6723364387512207,
    2.6210730617523192,
    2.6281786087036134,
    2.6259577152252196,
    2.59117234954834,
    2.6267305112838746,
    2.5313127738952637,
    2.4799747173309328,
    2.536608176803589,
    2.541342553329468,
    2.512122391319275,
    2.5025893991470336,
    2.5013467584609987,
    2.4883034313201904,
    2.4555706857681274,
    2.4372543720245363,
    2.4157377145767214,
    2.419946769142151,
    2.3868695945739744,
    2.3913885692596435,
    2.395162949180603,
    2.387193419647217,
    2.3840490068435667,
    2.3743745639801026,
    2.3781803270339967,
    2.364186152076721,
    2.365597299194336,
    2.3721881273269654,
    2.351928286933899,
    2.356692907524109,
    2.3722523139953613,
    2.344093459701538
  ],
  "val_acc": [
    43.97,
    47.88,
    50.68,
    52.63,
    53.54,
    54.3,
    54.45,
    54.56,
    55.71,
    55.85,
    56.37,
    56.76,
    56.9,
    57.05,
    57.4,
    58.32,
    58.69,
    58.06,
    58.2,
    59.48,
    59.25,
    58.93,
    58.95,
    59.5,
    60.05,
    59.78,
    59.57,
    59.87,
    59.57,
    59.71,
    60.18,
    60.35,
    60.62,
    60.71,
    60.74,
    60.68,
    60.94,
    61.16,
    60.88,
    61.4,
    61.32,
    61.5,
    61.17,
    61.55,
    61.23,
    61.3,
    61.45,
    61.59,
    61.29,
    61.5
  ],
  "soft_loss": [
    15.752060965270996,
    11.093332007446289,
    9.769115643463135,
    8.931964791564942,
    8.307970365447998,
    7.805272783355713,
    7.3805707391357425,
    7.030683663024902,
    6.705170681152344,
    6.413019698562622,
    6.166605980911255,
    5.918637143249511,
    5.72906945426941,
    5.505931060638428,
    5.327241215744019,
    5.140636223297119,
    4.994542943115234,
    4.8305536655426025,
    4.671754158630371,
    4.523329275436401,
    4.404843130950928,
    4.239697295532227,
    4.130960055999756,
    4.020120726242065,
    3.9045569841766357,
    3.791550257949829,
    3.685971351699829,
    3.5896337699890135,
    3.4663356533813476,
    3.4035497650146485,
    3.317342239227295,
    3.239475069656372,
    3.166952363090515,
    3.087493915977478,
    3.0166770819473268,
    2.9595476622772217,
    2.911457287025452,
    2.8614439072036744,
    2.8178471460342407,
    2.7624072759246827,
    2.7305994067764283,
    2.70255512802124,
    2.6697158840560915,
    2.646697092704773,
    2.631196850166321,
    2.611018809051514,
    2.5913525860595703,
    2.592599723968506,
    2.5883696923828126,
    2.575361322555542
  ],
  "hard_loss": [
    3.9731647717666627,
    3.165398123588562,
    2.8394508081054686,
    2.605441634902954,
    2.4242113060188295,
    2.2647934961128233,
    2.139887785139084,
    2.016594174194336,
    1.911664853696823,
    1.8074367141532899,
    1.722780698480606,
    1.6320388265132904,
    1.5612020195484162,
    1.4803526903247832,
    1.411581552453041,
    1.3355944180965424,
    1.2810360465288162,
    1.2129465543985367,
    1.1558742186546325,
    1.094371894981861,
    1.047451147147417,
    0.990295823431015,
    0.9478549777698517,
    0.8999224802601338,
    0.8558835034370422,
    0.8082040829581022,
    0.7678020677959919,
    0.7276782224941254,
    0.6855865467333794,
    0.6567284076356887,
    0.6292871222114563,
    0.5970967040848733,
    0.5627188626801968,
    0.5435955298799277,
    0.511474673293829,
    0.48888367366045715,
    0.4755942457088828,
    0.4536380473197997,
    0.4483844893801212,
    0.42319759122937917,
    0.4126443301047385,
    0.39862046797186135,
    0.390314974001348,
    0.3835692752066255,
    0.38230543717205523,
    0.36672774075165393,
    0.3681458130273223,
    0.36811395254194734,
    0.3640254403990507,
    0.3607292397809029
  ],
  "learning_rate": [
    0.001,
    0.0009990133642141358,
    0.000996057350657239,
    0.0009911436253643444,
    0.0009842915805643156,
    0.0009755282581475769,
    0.0009648882429441258,
    0.0009524135262330099,
    0.0009381533400219318,
    0.0009221639627510075,
    0.0009045084971874736,
    0.0008852566213878945,
    0.0008644843137107056,
    0.0008422735529643443,
    0.0008187119948743448,
    0.0007938926261462366,
    0.0007679133974894982,
    0.0007408768370508576,
    0.0007128896457825362,
    0.0006840622763423389,
    0.0006545084971874735,
    0.0006243449435824271,
    0.0005936906572928622,
    0.000562666616782152,
    0.0005313952597646566,
    0.0004999999999999998,
    0.00046860474023534314,
    0.00043733338321784774,
    0.00040630934270713756,
    0.00037565505641757246,
    0.00034549150281252633,
    0.00031593772365766105,
    0.00028711035421746355,
    0.0002591231629491422,
    0.00023208660251050145,
    0.00020610737385376337,
    0.00018128800512565502,
    0.00015772644703565555,
    0.00013551568628929425,
    0.00011474337861210535,
    9.549150281252626e-05,
    7.783603724899252e-05,
    6.184665997806817e-05,
    4.7586473766990294e-05,
    3.5111757055874305e-05,
    2.4471741852423218e-05,
    1.5708419435684507e-05,
    8.856374635655634e-06,
    3.942649342761115e-06,
    9.866357858642198e-07
  ]
}